file,id,smiles,seq,substrate,intermediate
Abiotic reduction of ketones with silanes catalysed by carbonic anhydrase through an enzymatic zinc hydride (1),id0,C(C)(=O)C1=CC=CC=C1,MKSSHHHHHHENLYFQSNAMSHHWGYGKHNGPEHWHKDFPIAKGERQSPVDIDTHTAKYDPSLKPLSVSYDQATSLRILNNGHAFNVEFDDSQDKAVLKGGPLDGTYRLIQFHFHWGSLDGQGSEHTVDKKKYAAELHLVHWNTKYGDFGKAVQQPDGLAFLGIFLKVGSAKPGLQKVVDVLDSIKTKGKSA,C(C)(=O)C1=CC=CC=C1,[]
Directed Evolution of Artificial Metalloenzymes in Whole Cells (1),id1,CNc1ccccc1.CCOC(=O)C(C)=[N+]=[N-],MKSSHHHHHHENLYFQSNYDWFSEMRKKDPVYYDGNIWQVFSYRYTKEVLNNFSKFSSDLTGYHERLEDLRNGKIRFDIPTRYTMLTSDPPLHDELRSMSADIFSPQKLQTLETFIRETTRSLLDSIDPREDDIVKKLAVPLPIIVISKILGLPIEDKEKFKEWSDLVLFRLGKPGEIFELGKKYLELIGYVKDHLNSGTEVVSRVVNSNLSDIEKLGYIILLLFAGNEGTTNLISNSVIDFTRFNLWQRIREENLFLKAIEEALRYSPPCMYTVRKTKERVKLGDQTIEEGEYVRVWIASANRDEEVFHDGEKFIPDRNPNPHLSFGSGIHLGLGAPLARLEARIAIEEFSKRFRHIEILDTEKVPNEVLNGYKRLVVRLKSNE,CNc1ccccc1,['CCOC(=O)C(C)=[N+]=[N-]']
An Artificial Heme Enzyme for Cyclopropanation Reactions,id2,COc1ccccc1C=C.CCOC(=O)C=[N+]=[N-],MGAEIPKEMLRAQTNVILLNVLKQGDNYVYGIIKQVKEASNGEMELNEATLYTIFDRLEQDGIISSYWGDESQGGRRKYYRLTEIGHENMRLAFESWSRVDKIIENLEANKKSEAIKSRGGSGGWSHPQFEK,COc1ccccc1C=C,['CCOC(=O)C=[N+]=[N-]']
Design and Evolution of an Enzyme for the Asymmetric Michael Addition of Cyclic Ketones to Nitroolefins by Enamine Catalysis (1),id3,O=C1CCCCC1.[O-][N+](=O)\C=C\c1ccccc1,GAEIPKEMLRAQTNVILLNVLKQGDNYVYGIIKQVKEASNGEMELNEATLYTIFDRCEQDGIISSYWGDESQGGRRKYYRLTEIGHENMRLAFESWSRVDKIIENLEANKKSEAIKSRGGSGGWSHPQFEK,O=C1CCCCC1,['[O-][N+](=O)\\C=C\\c1ccccc1']
Directed Evolution of an Artificial Imine Reductase (1),id4,C1CC2=CC=CC=C2N=C1C3=CC=CC=C3.COC1=C(OC)C=C2N=C(C)CCC2=C1.,MASMTGGQQMGRDEAGITGTWYNQLGSTFIVTAGADGALTGTYESAVGNAESRYVLTGRYDSAPATDGSGTALGWTVAWKNNYRNAHSATTWSGQYVGGAEARINTQWLLTKGTTEANAWKSTLVGHDTFTKVKPSAASIDAAKKAGVNNGNPLDAVQQ,C1CC2=CC=CC=C2N=C1C3=CC=CC=C3,"['COC1=C(OC)C=C2N=C(C)CCC2=C1', '']"
Biocatalytic asymmetric aldol addition into unactivated ketones (1),id5,FC(F)(F)C(=O)Cc1ccccc1.C[C@@H](O)[C@H](N)C(O)=O,MGSSHHHHHHSSMSNVKQQTAQIVDWLSSTLGKDHQYREDSLSLTANENYPSALVRLTSGSTAGAFYHCSFPF EVPAGEWHFPEPGHMNAIADQVRDLGKTLIGAQAFDWRPNGGSTAEQALMLAACKPGEGFVHFAHRDGGHFAL ESLAQKMGIEIFHLPVNPTSLLIDVAKLDEMVRRNPHIRIVILDQSFKLRWQPLAEIRSVLPDSCTLTYDMSHDGGLI MGGVFDSPLSCGADIVHGNTHKTIPGPQKGYIGFKSAQHPLLVDTSLWVCPHLQSNCHAEQLPPMWVAFKEMEL FGRDYAAQIVSNAKTLARHLHELGLDVTGESFGFTQTHQVHFAVGDLQKALDLCVNSLHAGGIRSTNIEIPGKPGV HGIRLGVQAMTRRGMKEKDFEVVARFIADLYFKKTEPAKVAQQIKEFLQAFPLAPLAYSFDNYLDEELLAAVYQGA QR,FC(F)(F)C(=O)Cc1ccccc1,['C[C@@H](O)[C@H](N)C(O)=O']
An Enzymatic Platform for the Highly Enantioselective and Stereodivergent Construction of Cyclopropyl-δ-lactones,id6,[N-]=[N+]=CC(=O)OCC\C=C\c1ccccc1,VLSEGEWQLVLHVWAKVEADVAGHGQEVLIRLFKGHPETLEKFDKFKHLKSEDEMKASEDLKKHGATVLTALGGILKKKGHHEAEIKPLAQSHATKHKIPIKYLEFISEAIIHVLHSRHPGDFGADAQGAMNKALELFRKDIAAKYKELGYQG,[N-]=[N+]=CC(=O)OCC\C=C\c1ccccc1,[]
Discovery of a regioselectivity switch in nitrating P450s guided by molecular dynamics simulations and Markov models (1),id7,N[C@@H](Cc1c[nH]c2ccccc12)C(O)=O,MTVPSPLADPSIVPDPYPVYADLAQRRPVHWVERLNAWAVLTYADCAAGLKDPRLTADRGTEVLAAKFPGQPLPPDNIFHRWTKNVVMYTDPPLHDALRRSVRAGFTRAAHQHYDQVLQKVAHDLVASIPAGATEIDAVPALAAELPVRSAVHAFGVPEEDLGFLIPRVNTIMTYHSGPKDQPVTQEIILEKLTDLHTYASELLQGMRGKVLPDTVIARLAAAQDGLTETTPEQTVHQLALVFIALFAPTTPGSLSSGTLAFARNPRQVERFLADQACVDNTANEVLRYNASNQFTWRVAAKDVEMGGVRIEAGQTLALFLGSANRDANMFERPNDFDLDRPNSARHLSFGQGVHACLAAQLISLQLKWFYVALLNRFPGIRTAGEPIWNENLEFRSLRSLPLSLR,N[C@@H](Cc1c[nH]c2ccccc12)C(O)=O,[]
Computational Stabilization of a Non-Heme Iron Enzyme Enables Efficient Evolution of New Function,id8,OC(=O)C1CCCCC1,MLTDEELKRYNELGYLLIEDGLGPEEVAVLRRAADELFAEDSPDRTLEKDGVTVRSVHGCHRRN PVCADLVRHPRLLGPAQQILSGEVYVHQFKINAKAPMRGDVWPWHQDYIFWNREDGMDKPHVVN VAVLLDEATHLNGPLLFVPGTHELGEIDVARRNPPGDGPDQWLPQLSADLDYAIDDDLLATLTD GRGIDSATGKAGSILLFDSRIVHGSGRNMSPFPRRVALVTYNRTDNALPEQDNPRPEFLAARDA TPLTPLPEGFRLADPP,OC(=O)C1CCCCC1,[]
Emergence of a distinct mechanism of C-N bond formation in photoenzymes,id9,C1(=CC=CC=C1)C(CCNC1=CC=CC=C1)=C,MTQKMDFDAIIIGAGFGGLYSLKKLRDDLNLKVRAFDRATEVGGTWFWNQYPGALSDSETHLYCYSWDKELLQEMEIKRKYISQPDVLAYLKRVADKHDLRKDIQFETGIRSAYFDEENSFWNVTTENDEKFTARFLITALGPLSAPNLPKIKGIETFKGELHHTSRWPKDVTFSGKRVGVIGTGSTGVQVITAIASQVKHLTVFQRSAQYSVPIGNVVMSETDVAKIKENYDQIWENVWNSALGYGLNESTLPTMSVSAEERDKIFEEAWQEGGGFRFMFETFGDIAVDETANIEAQNFIKKKISEIVKDPFVAKKLTPTDLYACRPLCDSGYYEIFNRDNVSLEDVKANPIVEIKEDCVVTADGVEHKLDMLICATGFDAVDGSYKRIDIRGKDGISIKDHWKDGPNSYLGMMVSNFPNMFMVFGPNTPLANSPPIIETQVEWIADLIGYAEDHQINQIEATKDAVDNWTNTCSDIANKTLFAKAKCRIFGANVPGKKNTVYLYMGGLKEYRNQISEVSNNNYKGCLLKQ,C1(=CC=CC=C1)C(CCNC1=CC=CC=C1)=C,[]
Biocatalytic Synthesis of Allylic and Allenyl Sulfides through a Myoglobin-Catalyzed Doyle-Kirmse Reaction (1),id10,C=CCSC1=CC=CC=C1.CCOC(=O)C=[N+]=[N-],VLSEGEWQLVLHVWAKVEADVAGHGQEVLIRLFKGHPETLEKFKDKFKHLKSEDEMKASEDLKKHGATVLTALGGILKKKGHHEAEIKPLAQSHATKHKIPIKYLEFISEAIIHVLHSRHPGDFGADAQGAMNKALELFRKDIAAKYKELGYQG,C=CCSC1=CC=CC=C1,['CCOC(=O)C=[N+]=[N-]']
A Photoenzymatic Strategy for Radical-Mediated Stereoselective Hydroalkylation with Diazo Compounds,id11,[N+](=[N-])=CC(=O)OCC1=CC=CC=C1.CC(=C)C1=CC=CC=C1,MSFVKDFKPQALGDTNLFKPIKIGNNELLHRAVIPPLTRMRALHPGNIPNRDWAVEYYTQRAQRPGTMIITEGAFISPQAGGYDNAPGVWSEEQMVEWTKIFNAIHEKKSFVWVQLWVLGWAAFPDNLARDGLRYDSASDNVFMDAEQEAKAKKANNPQHSLTKDEIKQYIKEYVQAAKNSIAAGADGVEIHSANGYLLNQFLDPHSNTRTDEYGGSIENRARFTLEVVDALVEAIGHEKVGLRLSPYGVFNSMSGGAETGIVAQYAYVAGELEKRAKAGKRLAFVHLVEPRVTNPFLTEGEGEYEGGSNDFVYSIWKGPVIRAGNFALHPEVVREEVKDKRTLIGYGRFFISNPDLVDRLEKGLPLNKYDRDTFYQMSAHGYIDYPTYEEALKLGWDKK,[N+](=[N-])=CC(=O)OCC1=CC=CC=C1,['CC(=C)C1=CC=CC=C1']
Overriding Traditional Electronic Effects in Biocatalytic Baeyer-Villiger Reactions by Directed Evolution,id12,C1(=CC=CC=C1)CCC(C)=O,MSTTQTPDLDAIVIGAGFGGIYMLHKLRNDLGLSVRVFEKGGGVGGTWYWNKYPGAKSDTEGFVYRYSFDKELLREYDWTTRYLDQPDVLAYLEHVVERYDLARDIQLNTEVTDAIFDEETELWRVTTAGGETLTARFLVTALGLLSRSNIPDIPGRDSFAGRLVHTNAWPEDLDITGKRVGVIGTGSTGTQFIVAAAKMAEQLTVFQRTPQYCVPSGNGPMDPDEVARIKQNFDSIWDQVRSSTVAFGFEESTVEAMSVSESERQRVFQQAWDKGNGFRFMFGTFCDIATNPEANAAAAAFIRSKIAEIVKDPETARKLTPTDLYAKRPLCNEGYYETYNRDNVSLVSLKETPIEEIVPQGVRTSDGVVHELDVLVFATGFDAVDGNYRAMNLRGRDGRHINEHWTEGPTSYLGVTKAGFPNMFMILGPNGPFTNLPPSIEAQVEWISDLIDKATREGLTTVEPTADAEREWTETCAEIANMTLFPKADSWIFGANIPGKRHAVMFYLGGLGNYRRQLADVADGGYRGFQLRGERAQAVA,C1(=CC=CC=C1)CCC(C)=O,[]
Kinetic compartmentalization by unnatural reaction for itaconate production,id13,C(C(=O)O)C(CC(=O)O)(C(=O)O)O,MSAQINNIRPEFDREIVDIVDYVMNYEISSKVAYDTAHYCLLDTLGCGLEALEYPACKKLLGPIVPGTVVPNGVRVPGTQFQLDPVQAAFNIGAMIRWLDFNDTWLAAEWGHPSDNLGGILATADWLSRNAVASGKAPLTMKQVLTAMIKAHEIQGCIALENSFNRVGLDHVLLVKVASTAVVAEMLGLTREEILNAVSLAWVDGQSLRTYRHAPNTGTRKSWAAGDATSRAVRLALMAKTGEMGYPSALTAPVWGFYDVSFKGESFRFQRPYGSYVMENVLFKISFPAEFHSQTAVEAAMTLYEQMQAAGKTAADIEKVTIRTHEACIRIIDKKGPLNNPADRDHCIQYMVAIPLLFGRLTAADYEDNVAQDKRIDALREKINCFEDPAFTADYHDPEKRAIANAITLEFTDGTRFEEVVVEYPIGHARRRQDGIPKLVDKFKINLARQFPTRQQQRILEVSLDRARLEQMPVNEYLDLYVI,C(C(=O)O)C(CC(=O)O)(C(=O)O)O,[]
Design and Evolution of an Artificial Friedel-Crafts Alkylation Enzyme Featuring an Organoboronic Acid Residue,id14,OC1=C(C=CC=C1)C(\C=C\C)=O.CN1C=CC2=CC=CC=C12,MAEIPKEMLRAQTNAILLNVLKQGDNYVYGIIKQVKEASNGEMELNEATLYTIFKRLEKDGIISSYWGDESQGGRRKYYRLTEIGHEAMRLGFESWSRVDKIIENLEANKKSEAIKSRWSHPQFEK,OC1=C(C=CC=C1)C(\C=C\C)=O,['CN1C=CC2=CC=CC=C12']
(applyseq)Light-driven reductive cyclization catalyzed by vitamin B sub 12 sub -based artificial photoenzymes,id15,Cc1ccc(cc1)[S](=O)(=O)N(CCBr)CC=C,MGKAMLKLCITLMVLVFSGTAESKGVMRREDESFPHLKSRLCGGLNGLGEDAYRSHCVVYYTKRMGVVSLDHVEELANHCLRIVKQCCAEGAADDCLQTELAAVQEQVCTRMSEAKDVPLVGRCCALAGSERHDCFHHAGGVAEGEGAWPHALPVTSPPEYDSVTVCALHATANARLYDTLLWEFSRRYPSASDSHLIALANEFITGLTTCCLVEEEHGACLATLREDFKHKLTEASHKSQNLCKALKSLGKEKFEDRIIVRFTQRAPQAPFELIQKLAHRFEVLAEKCCELGHSDRCLVEERYTVDDELCLEQSFVATCPRLSSCCSLSGSSRAQCLETVPVLETSDKASPATPTLPISEQCTLWAGKPVEFHKRVVWQISHRYPTTGVAQVEALAHHYLEHLTICCASEDKDTCIATEVAEFKSEVEKVHTKSDWWCRMSDLLGTDRFNLLLIVTYSQRVPQATFEQVEEISHHFALITRKCCSHRKNGSCFLEERYALHDAICRDEAWLSGLAEVSRCCAMDGRARILCFDELSSHLNASVEERPELCSTSLCSKYHDLGFEFKQRVAYGFGQRFPKAAMGQMRDLISKYLAMVQRCCDAMSDFKMDVEEVELRAHRLCLDAHQLGEEKLADRIMIGLAQRISVASFVNISSVALHFAQSVIKCCDADHEKTCFMEQEFALEDQVCSDSEALSHIPSVSRCCELHPFDRSVCFHSLRSTQASTLASTHVAVGKDDSLPGHVEECQAFASGNHSLTDQVMFEFARRHPRASVSQVESLARLYSELARACCALTDADQESCLHTARSQARQEALKSLQRSERICNTLSAIGKEKFEDRIVIALSQKATDASFEQILEIANRMSRGLARCCEQGNNVGCLMDHRHALHEAICSTPDGSLPQSVAACCNTSNTSTTTSTTTSTTTSTTTSTTTSTTSTTTAAEIRDSCFDNLQANVSRAHAPFYSNSQLCLMKLRTPHRFLERFLWEFGRRHPQAALSQVEELAEMYVKMTDSCCGKLHSKSCFTEQRHTIHMEIRHAYAEVQHICGSLHSRGEETFIQREVTLLSQKAPNASFEKVSQLARHFLSLAKKCCAPDHAAGCFLEEPYAIHDEVCRDDEVVDQVGGLATCCRMSGTSRAKCLAQLPRDLGRHGNRETPEFDELKICELRRDNPAVLMEKILYEFGRRHSDSAVSEVKNFAQKFSHSVTECCTSEKTHECFVEKRAAIEKVIKDEEAKGNLTCQRLKAQGVEHFEQLVILNFARAAKSLPMEKVVEFAHRFTRIAGQCCEHDTHCLIDESFHLHAEMCGDHGYIMAHPGVANCCKSDVSEQGTCFKIHEDVHHAEEILSKDVSPAHPTAERVCLRYRQFPEKFINLALFELVHRLPLLESSVLRRKALAYTGFTDDCCRAVDKTACFTEKLEAIKSS,Cc1ccc(cc1)[S](=O)(=O)N(CCBr)CC=C,[]
Enantioselective Aminohydroxylation of Styrenyl Olefins Catalyzed by an Engineered Hemoprotein (1),id16,CC(C)(C)C(=O)ON.O[S](=O)(=O)C(F)(F)F.COc1ccc(C=C)cc1,MAMTESGTAAQDPEALAAEIGPVKQVSLGEQIDAALAQQGEQLFNTYCTACHRLDERFIGPALRDVTKRRGPVYIMNVMLNPNGMIQRHPVMKQLVQEYGTMMTDMALSEEQARAILEYLRQVAENQLE,CC(C)(C)C(=O)ON,"['O[S](=O)(=O)C(F)(F)F', 'COc1ccc(C=C)cc1']"
An Enzymatic Platform for Asymmetric Synthesis of Si-Stereogenic Silanols,id17,CC(C)(C)[SiH2]c1ccccc1,MTIKEMPQPKTFGELKNLPLLNTDKPVQALMKIADELGEIFKFEAPGRVTRYLSSQRLIKEACDESRFDKNLSQALKFVRDFAGDGLFTSWTHEKNWKKAHNILLPSFSQQAMKGYHAMMVDIAVQLVQKWERLNADEHIEVPEDMTRLTLDTIGLCGFNYRFNSFYRDQPHPFITSMVRALDEAMNKLQRANPDDPAYDENKRQFQEDIKVMNDLVDKIIADRKASGEQSDDLLTHMLNGKDPETGEPLDDENIRYQIITFLIAGHETTSGLLSFALYFLVKNPHVLQKAAEEAARVLVDPVPSYKQVKQLKYVGMVLNEALRLWPTAPAFSLYAKEDTVLGGEYPLEKGDELMVLIPQLHRDKTIWGDDVEEFRPERFENPSAIPQHAFKPFGNGQRACIGQQFALHEATLVLGMMLKHFDFEDHTNYELDIKETLTLKPEGFVVKAKSKKIPLGGIPSPSTEQSAKKVRKKAENAHNTPLLVLYGSNMGTAEGTARDLADIAMSKGFAPQVATLDSHAGNLPREGAVLIVTASYNGHPPDNAKQFVDWLDQASADEVKGVRYSVFGCGDKNWATTYQKVPAFIDETLAAKGAENIADRGEADASDDFEGTYEEWREHMWSDVAAYFNLDIENSEDNKSTLSLQFVDSAADMPLAKMHGAFSTNVVASKELQQPGSARSTRHLEIELPKEASYQEGDHLGVIPRNYEGIVNRVTARFGLDASQQIRLEAEEEKLAHLPLAKTVSVEELLQYVELQDPVTRTQLRAMAAKTVCPPHKVELEALLEKQAYKEQVLAKRLTMLELLEKYPACEMKFSEFIALLPSIRPRYYSISSSPRVDEKQASITVSVVSGEAWSGYGEYKGIASNYLAELQEGDTITCFISTPQSEFTLPKDPETPLIMVGPGTGVAPFRGFVQARKQLKEQGQSLGEAHLYFGCRSPHEDYLYQEELENAQSEGIITLHTAFSRMPNQPKTYVQHVM EQDGKKLIELLDQGAHFYICGDGSQMAPAVEATLMKSYADVHQVSEADARLWLQQLEEKGRYAKDVWAGLEHHHHHH,CC(C)(C)[SiH2]c1ccccc1,[]
Accessing non-natural reactivity by irradiating nicotinamide-dependent enzymes with light (1),id18,BrC1(CCCOC1=O)c2ccccc2,MTDRLKGKVAIVTGGTLGIGLAIADKFVEEGAKVVITGRHADVGEKAAKSIGGTDVIRFVQHDASDEAGWTKLFDTTEEAFGPVTTVVNNAGIAVSKSVEDTTTEEWRKLLSVNLDGVFFGTRLGIQRMKNKGLGASIINMSSIEGFVGDPTLGAYNASKGAVRIMSKSAALDCALKDYDVRVNTVHPGYIKTPLVDDLEGAEEMMSQRTKTPMGHIGEPNDIAWICVYLASDESKFATGAEFVVDGGYTAQHHHHHH,BrC1(CCCOC1=O)c2ccccc2,[]
(Apply-seq)Dual-Functional Small Molecules for Generating an Efficient Cytochrome P450BM3 Peroxygenase (1),id19,C=Cc1ccccc1,MKKI,C=Cc1ccccc1,[]
(Hilvert)Enantiocomplementary Synthesis of γ-Nitroketones Using Designed and Evolved Carboligases,id20,COc1ccc(cc1)\C=C\[N+]([O-])=O.CC(C)=O,MPRYLKGWLEDVVQLSLRRPSVHASRQRPIISLNERILEFNKRNITAIIAYYLRKSPSGLDVERDPIEYAKYMERYAVGLSIKTEEKYFNGSYEMLRKIASSVSIPILMNDFIVKESQIDDAYNLGADTVLLIVNILTERELESLLEYARSYGMEPLILINDENDLDIALRIGARFIVIFSMNFETGEINKENQRKLISMIPSNVVKVAHLDISERNEIEELRKLGVNAFLISSSLMRNPEKIKELIEGSLEHHHHHH,COc1ccc(cc1)\C=C\[N+]([O-])=O,['CC(C)=O']
Biocatalytic Strategy for Highly Diastereo- and Enantioselective Synthesis of 2 3-Dihydrobenzofuran-Based Tricyclic Scaffolds (1),id21,O1C=CC2=C1C=CC=C2.[N+](=[N-])=CC(=O)OCC,VLSEGEWQLVLHVWAKVEADVAGHGQEVLIRLFKGHPETLEKFDKFKHLKSEDEMKASEDLKKHGATVLTALGGILKKKGHHEAEIKPLAQSHATKHKIPIKYLEFISEAIIHVLHSRHPGDFGADAQGAMNKALELFRKDIAAKYKELGYQG,O1C=CC2=C1C=CC=C2,['[N+](=[N-])=CC(=O)OCC']
Stereoselective Cyclopropanation of Electron-Deficient Olefins with a Cofactor Redesigned Carbene Transferase Featuring Radical Reactivity,id22,C=CC1=CC=CC=C1.[N+](=[N-])=CC(=O)OCC,VLSEGEWQLVLHVWAKVEADVAGHGQEVLIRLFKGHPETLEKFKDKFKHLKSEDEMKASEDLKKVGATALTALGGILKKKGHHEAEIKPLAQSHATKHKIPIKYLEFISEAIIHVLHSRHPGDFGADAQGAMNKALELFRKDIAAKYKELGYQG,C=CC1=CC=CC=C1,['[N+](=[N-])=CC(=O)OCC']
(mutation-calc)Ground-State Electron Transfer as an Initiation Mechanism for Biocatalytic C-C Bond Forming Reactions,id23,BrCC(CC\C=C\C1=CC=CC=C1)=O,MPSLFDPIRFGAFTAKNRIWMAPLTRGRATRDHVPTEIMAEYYAQRASAGLIISEATGISQEGLGWPYAPGIWSDAQVEAWLPITQAVHDAGGLIFAQLWHMGRMVPSNVSGMQPVAPSASQAPGLGHTYDGKKPYDVARALRLDEIPRLLDDYEKAARHALKAGFDGVQIHAANGYLIDEFIRDSTNHRHDEYGGAVENRIRLLKDVTERVIATIGKERTAVRLSPNGEIQGTVDSHPEQVFIPAAKMLSDLDIAFLGMREGAVDGTFGKTDQPKLSPEIRKVFKPPLVLNQDYTFETAQAALDSGVADAISFGRPFIGNPDLPRRFFEKAPLTKDVIETWYTQTPKGYTDYPLLGDHHHHHH,BrCC(CC\C=C\C1=CC=CC=C1)=O,[]
P450-Mediated Non-natural Cyclopropanation of Dehydroalanine-Containing Thiopeptides,id24,C(C1=CC=CC=C1)(=O)NC(C(=O)OC)=C.C(C)(=O)NC(=C)C=1SC=C(N1)C(=O)OCC.C(C)OC(C=[N+]=[N-])=O,MTIKEMPQPKTFGELKNLPLLNTDKPVQALMKIADELGEIFKFEAPGRVTRYLSSQRLIKEACDESRFDKNLSQALKFVRDFAGDGLFTSWTHEKNWKKAHNILLPSFSQQAMKGYHAMMVDIAVQLVQKWERLNADEHIEVPEDMTRLTLDTIGLCGFNYRFNSFYRDQPHPFITSMVRALDEAMNKLQRANPDDPAYDENKRQFQEDIKVMNDLVDKIIADRKASGEQSDDLLTHMLNGKDPETGEPLDDENIRYQIITFLIAGHETTSGLLSFALYFLVKNPHVLQKAAEEAARVLVDPVPSYKQVKQLKYVGMVLNEALRLWPTAPAFSLYAKEDTVLGGEYPLEKGDELMVLIPQLHRDKTIWGDDVEEFRPERFENPSAIPQHAFKPFGNGQRACIGQQFALHEATLVLGMMLKHFDFEDHTNYELDIKETLTLKPEGFVVKAKSKKIPLGGIPSPST,C(C1=CC=CC=C1)(=O)NC(C(=O)OC)=C,"['C(C)(=O)NC(=C)C=1SC=C(N1)C(=O)OCC', 'C(C)OC(C=[N+]=[N-])=O']"
(applyseq)Enhanced Sequence-Activity Mapping and Evolution of Artificial Metalloenzymes by Active Learning,id25,Nc1ccccc1C#C,TSNAK,Nc1ccccc1C#C,[]
Biocatalytic Generation of Trifluoromethyl Radicals by Nonheme Iron Enzymes for Enantioselective Alkene Difunctionalization,id26,COc1ccc(C=C)cc1.O=C1OC(I)(C(F)(F)F)C2=CC=CC=C12.[Na+].[N-]=[N+]=[N-],MQNFEIDYVEMYVENLEVAAFSWVDKYAFAVAGTSRSADHRSIALRQGQVTLVLTEPTSDRHPAAAYLQTHGDGVADIAMATSDVAAAYEAAVRAGAEAVRAPGQHSEAAVTTATIGGFGDVVHTLIQRDGTSAELPPGFTGSMDVTNHGKGDVDLLGIDHFAICLNAGDLGPTVEYYERALGFRQIQDDHIVVGAQAMNSTVVQSASGAVTLTLIEPDRNADPGQIDEFLKDHQGAGVQHIAFNSNDAVRAVKALSERGVEFLKTPGAYYDLLGERITLQTHSLDDLRATNVLADEDHGGQLFQILTASTHPRHTIFFEVIERQGAGTFGSSNIKALYEAVELERTGQSEFGAARR,COc1ccc(C=C)cc1,"['O=C1OC(I)(C(F)(F)F)C2=CC=CC=C12', '[Na+]', '[N-]=[N+]=[N-]']"
Anion-π Enzymes,id27,COc1ccc(OC(=S)CC=O)cc1.[O-][N+](=O)\C=C\c1ccccc1,MASMTGGQQMGRDEAGITGTWYNQLGSTFIVTAGADGALTGTYESAVGNAESRYVLTGRYDSAPATDGSGTALGWTVAWKNNYRNAHSATTWSGQYVGGAEARINTQWLLTAGTTEANAWKSTLVGHDTFTKVKPSAASIDAAKKAGVNNGNPLDAVQQ,COc1ccc(OC(=S)CC=O)cc1,['[O-][N+](=O)\\C=C\\c1ccccc1']
Origin of high stereocontrol in olefin cyclopropanation catalyzed by an engineered carbene transferase,id28,C=Cc1ccccc1.CCOC(=O)C=[N+]=[N-],MVLSEGEWQLVLHVWAKVEADVAGHGQDILIRLFKSHPETLEKFDRFKHLKTEAEMKASEDLKKHGVTVLTALGAILKKKGHHEAELKPLAQSHATKHKIPIKYLEFISEAIIHVLHSRHPGNFGADAQGAMNKALELFRKDIAAKYKELGYQG,C=Cc1ccccc1,['CCOC(=O)C=[N+]=[N-]']
Artificial Metalloenzymes based on TetR Proteins and Cu II for Enantioselective Friedel-Crafts Alkylation Reactions (1),id29,C/C=C/C(=O)c1nccn1C.Cc1[nH]c2ccccc2c1,MRTSKKEMILRTAIDYIGEYSLETLSYDSLAEATGLSKSGLIYHFPSRHALLLGMHELLADDWDKELRDITRDPEDPLERLRAVVVTLAENVSRPELLLLIDAPSHPDFLNAWRTVNHQWIPDTDDLENDAHKRAVYLVQLAADGLFVHDYIHDDVLSKSKRQAMLETILELIPSELAAWSHPQFEKYS,C/C=C/C(=O)c1nccn1C,['Cc1[nH]c2ccccc2c1']
A cell-penetrating artificial metalloenzyme regulates a gene switch in a designer mammalian cell,id30,,MRKIVVAAIAVSLTTVSITASASADPSKDSKAQVSAAEAGITGTWYNQLGSTFIVTAGADGALTGTYESAVGNAESRYVLTGRYDSAPATDGSGTALGWTVAWKNNYRNAHRATTWSGQYVGGAEARINTQWLLTSGTTEANAWKSTLVGHDTFTKVKPSAASIDAAKKAGVNNGNPLDAVQQ,,[]
(applyseq)In Vivo Biocatalytic Cascades Featuring an Artificial-Enzyme-Catalysed New-to-Nature Reaction,id31,OC1=CC=C(C=O)C=C1.C(C1=CC=CC=C1)=O.N(N)C1=CC=C(C2=NON=C21)[N+](=O)[O-],RAQTNKILLMVLK,OC1=CC=C(C=O)C=C1,"['C(C1=CC=CC=C1)=O', 'N(N)C1=CC=C(C2=NON=C21)[N+](=O)[O-]']"
An Artificial Metalloenzyme Based on a Copper Heteroscorpionate Enables sp sup 3 sup C-H Functionalization via Intramolecular Carbene Insertion (1),id32,CC(C)(C)NC(=O)C(=[N+]=[N-])c1ccccc1,MASMTGGQQMGRDQAGITGTWYNQLGSTFIVTAGADGALTGTYESAVGNAESRYVLTGRYDSAPATDGSGTALGWTVAWKNNYRNAHSATTWSGQYVGGAEARINTQWLLTSGTTEANAWASTLVGHDTFTKVKPSAASIDAAKKAGVNNGNPLDAVQQ,CC(C)(C)NC(=O)C(=[N+]=[N-])c1ccccc1,[]
Transforming a Historical Chemical Synthetic Route for Vanillin Starting from Renewable Eugenol to a Cell-Free Bi-Enzymatic Cascade,id33,COC1=C(C=CC(=C1)CC=C)O,MTRTLPPGVSDERFDAALQRFRDVVGDKWVLSTADELEAFRDPYPVGAAEANLPSAVVSPESTEQVQDIVRIANEYGIPLSPVSTGKNNGYGGAAPRLSGSVIVKTGERMNRILEVNEKYGYALLEPGVTYFDLYEYLQSHDSGLMLDCPDLGWGSVVGNTLDRGVGYTPYGDHFMWQTGLEVVLPQGEVMRTGMGALPGSDAWQLFPYGFGPFPDGMFTQSNLGIVTKMGIALMQRPPASQSFLITFDKEEDLEQIVDIMLPLRINMAPLQNVPVLRNIFMDAAAVSKRTEWFDGDGPMPAEAIERMKKDLDLGFWNFYGTLYGPPPLIEMYYGMIKEAFGKIPGARFFTHEERDDRGGHVLQDRHKINNGIPSLDELQLLDWVPNGGHIGFSPVSAPDGREAMKQFEMVRNRANEYNKDYAAQFIIGLREMHHVCLFIYDTAIPEAREEILQMTKVLVREAAEAGYGEYRTHNALMDDVMATFNWGDGALLKFHEKIKDALDPNGIIAPGKSGIWSQRFRGQNLHHHHHH,COC1=C(C=CC(=C1)CC=C)O,[]
Synthesis of i β i -Quaternary Lactams Using Photoenzymatic Catalysis,id34,ClCC(=O)N(C\C(=C\C1=CC=CC=C1)\C)C,MPSLFDPIRFGAFTAKNRIWMAPLTRGRATRDHVPTEIMAEYYAQRASAGLIISEATGISQEGLGWPYAPGIWSDAQVEAWLPITQAVHDAGGLIFAQLWHMGRMVPSNVSGMQPVAPSASQAPGLGHTYDGKKPYDVARALRLDEIPRLLDDYEKAARHALKAGFDGVQIHAANGYLIDEFIRDSTNHRHDEYGGAVENRIRLLKDVTERVIATIGKERTAVRLSPNGEIQGTVDSHPEQVFIPAAKMLSDLDIAFLGMREGAVDGTFGKTDQPKLSPEIRKVFKPPLVLNQDYTFETAQAALDSGVADAISFGRPFIGNPDLPRRFFEKAPLTKDVIETWYTQTPKGYTDYPLLGDLEHHHHHH,ClCC(=O)N(C\C(=C\C1=CC=CC=C1)\C)C,[]
(applyseq)Engineering transketolase to accept both unnatural donor and acceptor substrates and produce α-hydroxyketones,id35,O=C(C(=O)[O-])C.[Na+].C(CC)=O,MSSRKELANAIRALSMDAVQKAKSGHPGAPMGMADIAEVLWRDFLKHNPQNPSWADRDRFVLSNGHGSMLIYSLLHLTGYDLPMEELKNFRQLHSKTPGHPEVGYTAGVETTTGPLGQGIANAVGMAIAEKTLAAQFNRPGHDIVDHYTYAFMGDGCMMEGISHEVCSLAGTLKLGKLIAFYDDNGISIDGHVEGWFTDDTAMRFEAYGWHVIRDIDGHDAASIKRAVEEARAVTDKPSLLMCKTIIGFGSPNKAGTHDSHGAPLGDAEIALTREQLGWKYAPFEIPSEIYAQWDAKEAGQAKESAWNEKFAAYAKAYPQEAAEFTRRMKGEMPSDFDAKAKEFIAKLQANPAKIASRKASQNAIEAFGPLLPEFLGGSADLAPSNLTLWSGSKAINEDAAGNYIHYGVREFGMTAIANGISLHGGFLPYTSTFLMFVEYARNAVRMAALMKQRQVMVYTHDSIGLGEDGPTHQPVEQVASLRVTPNMSTWRPCDQVESAVAWKYGVERQDGPTALILSRQNLAQQERTEEQLANIARGGYVLKDCAGQPELIFIATGSEVELAVAAYEKLTAEGVKARVVSMPSTDAFDKQDAAYRESVLPKAVTARVAVEAGIADYWYKYVGLNGAIVGMTTFGESAPAELLFEEFGFTVDNVVAKAKELLHHHHHH,O=C(C(=O)[O-])C,"['[Na+]', 'C(CC)=O']"
Enantioselective intermolecular benzylic C-H amination catalysed by an engineered iron-haem enzyme (1),id36,CCc1ccc(OC)cc1.CCc1ccc(C)cc1.CCc1ccccc1.Cc1ccc(cc1)[S](=O)(=O)N=[N+]=[N-],MTIKEMPQPKTFGELKNLPLLNTDKPVQALMKIADELGEIFKFEAPGRVTRYLSSQRLIKEACDESRFDKNLSQALKFARDFAGDGLATSWTHEKNWKKAHNILLPSFSQQAMKGYHAMMVDIAVQLVQKWERLNADEHIEVSEDMTRLTLDTIGLCGFNYRFNSFYRDQPHPFIISMVRALDEVMNKLORANPDDPAYDENKRQFQEDIKVMNDLVDKIIADRKARGEQSDDLLTQMLNGKDPETGEPLDDGNIRYQIITFLFAGHEGTSGLLSFALYFLVKNPHVLQKVAEEAARVLVDPVPSYKQVKQLKYVGMVLNEALRLWPTVPAFSLYAKEDTVLGGEYPLEKGDEVMVLIPOLHRDKTVWGDDVEEFRPERFENPSAIPQHAFKPFGNGQRASIGQQFALHEATLVLGMMLKHFDFEDHTNYELDIKETLSLKPKGFVVKAKSKKIPLGGIPSPSTLEHHHHHH,CCc1ccc(OC)cc1,"['CCc1ccc(C)cc1', 'CCc1ccccc1', 'Cc1ccc(cc1)[S](=O)(=O)N=[N+]=[N-]']"
Chemoselective Cyclopropanation over Carbene Y-H Insertion Catalyzed by an Engineered Carbene Transferase,id37,C[SiH](C)c1ccc(C=C)cc1.Nc1ccc(C=C)cc1.CCOC(=O)C=[N+]=[N-],VLSEGEWQLVLHVWAKVEADVAGHGQEVLIRLFKGHPETLEKFKDKFKHLKSEDEMKASEDLKKHGATVLTALGGILKKKGHHEAEIKPLAQSHATKHKIPIKYLEFISEAIIHVLHSRHPGDFGADAQGAMNKALELFRKDIAAKYKELGYQG,C[SiH](C)c1ccc(C=C)cc1,"['Nc1ccc(C=C)cc1', 'CCOC(=O)C=[N+]=[N-]']"
Boron Designer Enzyme with a Hybrid Catalytic Dyad,id38,,MVARPKSEDKKQALLEAATQAIAQSGIAASTAVIARNAGVAEGTLFRYFATKDELINTLpBoFLHLKQDLSQSMIMELDRSITDAKMMTRFIWNSYISWGLNHPARHRAIRQLAVSEKLTKETEQRADDMFPELRDLSHRSVLMVFMSDEYRAFGDGLFLALAETTMDFAARDPARAGEYIALGFEAMWRALTREEQAAWSHPQFEK,,[]
i E. coli i surface display of streptavidin for directed evolution of an allylic deallylase,id39,,MASMTGGQQMGRDEAGITGTWYNQLGSTFIVTAGADGALTGTYESAVGNAESRYVLTGRYDSAPATDGSGTALGWTVAWKNNYRNAHSATTWSGQYVGGAEARINTQWLLTSGTTEANAWKSTLVGHDTFTKVKPSAASIDAAKKAGVNNGNPLDAVQQ,,[]
(Hilvelrt)Emergence of a catalytic tetrad during evolution of a highly active artificial aldolase (1),id40,,MPRYLKGWLEDVVQLSLRRPSVHASRQRPIISLNERILEFNKRNITAIIAYYLRKSPSGLDVERDPIEYAKYMEPYAVGLSIKTEEKYFDGSYEMLRKIASSVSIPILMNDFIVKESQIDDAYNLGADTVLLIVEILTERELESLLEYARGYGMEPLILINDENDLDIALRIGARFITIYSMNFETGEINKENORKLISMIPSNVVKVPLLDFFEPNEIEELRKLGVNAFMISSSLMRNPEKIKELIEGSLEHHHHHH,,[]
Highly diastereoselective and enantioselective olefin cyclopropanation using engineered myoglobin-based catalysts,id41,C=CC1=CC=CC=C1.[N+](=[N-])=CC(=O)OCC,VLSEGEWQLVLHVWAKVEADVAGHGQDILIRLFKSHPETLEKFDRFKHLKTEAEMKASEDLKKHGVTVLTALGAILKKKGHHEAELKPLAQSHATKHKIPIKYLEFISEAIIHVLHSRHPGDFGADAQGAMNKALELFRKDIAAKYKELGY,C=CC1=CC=CC=C1,['[N+](=[N-])=CC(=O)OCC']
Unlocking Iminium Catalysis in Artificial Enzymes to Create a Friedel-Crafts Alkylase,id42,C(\C=C\CCC)=O.CC=1NC2=CC=CC=C2C1,MAEIPKEMLRAQTNXILLNVLKQGDNYVYGIIKQVKEASNGEMELNEATLYTIFKRLEKDGIISSYWGDESQGGRRKYYRLTEIGHENMRLAFESWSRVDKIIENLEANKKSEAIKSRWSHPQFEK,C(\C=C\CCC)=O,['CC=1NC2=CC=CC=C2C1']
Catalytic Cycle of Haloalkane Dehalogenases Toward Unnatural Substrates Explored by Computational Modeling (1),id43,ClCC(CCl)Cl,MSEIGTGFPFDPHYVEVLGERMHYVDVGPRDGTPVLFLHGNPTSSYLWRNIIPHVAPSHRCIAPDLIGMGKSDKPDLDYFFDDHVRYLDAFIEALGLEEVVLVIHDWGSALGFHWAKRNPERVKGIACMEFIRPIPTWDEWPEFARETFQAFSYRRCGSTDYSERIYRRCPAEICCSSADRSNGSLSTVSETGSRTAVAFSETADCRTCKYCCTGSLYELAASESGSETAVLGHTGVSDSACRSSTSGRKPAELNRYWSGSALSARRSGPDRNCTLAACTASSSPSL,ClCC(CCl)Cl,[]
Design of an enantioselective artificial metallo-hydratase enzyme containing an unnatural metal-binding amino acid (1),id44,N1=C(C=CC=C1)C(C=CC(C)C)=O,MAEIPKEMLRAQTNVILLNVLKQGDNYVYGIIKQVKEASNGEMELNEATLYTIFKRLEKDGIISSYWGDESQGGRRKYYRLTEIGHENMRLAFESWSRVDKIIENLEANKKSEAIKSRWSHPQFEK,N1=C(C=CC=C1)C(C=CC(C)C)=O,[]
(Xfornoncanonical)A non-canonical nucleophile unlocks a new mechanistic pathway in a designed enzyme,id45,C1(C=CCCC1)=O.[N+](=O)([O-])C1=CC=C(C=O)C=C1,MIRAVFFDSLGTLISVEGAYKVXLKIMEEVLGDYPLNPKTLLDEYEKLAREAFSNYAGKPYRPLRDILEEVMRKLAEKYGFKYPENLWEISLRMARQYGELYPEVVEVLKSLKGKYHVGVILNRDTEPATAFDALGIKDLFDSITTSEEAGFAYPHPRILEFALKKAGVKGEKREFWDKADFRVSDLREVIKIVDELNGQGSLEHHHHHH,C1(C=CCCC1)=O,['[N+](=O)([O-])C1=CC=C(C=O)C=C1']
Diverse Engineered Heme Proteins Enable Stereodivergent Cyclopropanation of Unactivated Alkenes,id46,C=CCCc1ccccc1.CCOC(=O)C=[N+]=[N-],MTPSDIPGYDYGRVEKSPITDLEFDLLKKTVMLGEKDVMYLKKACDVLKDQVDEILDLWYGWVASNEHLIYYFSNPDTGEPIKEYLERVRARFGAWILDTTCRDYNREWLDYQYEVGLRHHRSKKGVTDGVRTVPHIPLRYLIAFIYPITATIKPFLAKKGGSPEDIEGMYNAWFKSVVLQVAIWSHPYTKENDWLEHHHHHH,C=CCCc1ccccc1,['CCOC(=O)C=[N+]=[N-]']
Positioning-Group-Enabled Biocatalytic Oxidative Dearomatization,id47,C/C=C/COC(=O)c1cc(C)c(O)c(C)c1O,MTRSANSPFEVAIVGGGITGLALAVGLLKRNVSFTIYERAENFGELGVGITFTPNAQRAMEALDPCVLQSFTNVASAPSGGTINFVDGVREQGSEDPRTSTAALLFQLHVKGGYKACRRCDFVDQIVQHIPKDCVQYRKWLDSIETDHESGRAVLKFRDGEIAHADVVIGCDGIRSQVRASMFGTDELCPRAQYSHQLGYRGMVPLAQATAVLGPEKTSSAVLHTGPGAFVLTIPLAEVHAMHIEAFIMDKEEWPEVQTSSDSKRYVLPATRNEATKAFAEFGPTVRSAVSMFPEKLEKWAVFDMLEAPVPTFAKGRVCLAGDAAHASTPNQGGGAGFGIEDALVLAEVLAVLAEAPNVSGIVASEALAVYSEVRYERSQWLVRSSRRTGELCTWKDRDWGLAAEELSRDIISRSHQLWDHDTAGMVSDALAILGERVRGADTAF,C/C=C/COC(=O)c1cc(C)c(O)c(C)c1O,[]
Enantioselective Synthesis of α-Trifluoromethyl Amines via Biocatalytic N-H Bond Insertion with Acceptor-Acceptor Carbene Donors,id48,COC1=CC=C(N)C=C1.[N+](=[N-])=C(C(=O)OCC)C(F)(F)F,NEQLAKQKGCMACHDLKAKKVGPAYADVAKKYAGRKDAVDYLAGKIKKGGSGVWGSVPMPPQNVTDAEAKQLAQWILSIK,COC1=CC=C(N)C=C1,['[N+](=[N-])=C(C(=O)OCC)C(F)(F)F']
Orthogonal Expression of an Artificial Metalloenzyme for Abiotic Catalysis,id49,C=Cc1ccccc1.CCOC(=O)C=[N+]=[N-],MTIKEMPQPKTFGELKNLPLLNTDKPVQALMKIADELGEIFKFEAPGRVTRYLSSQRLIKEACDESRFDKNLSQALKFVRDFAGDGLFTSWTHEKNWKKAHNILLPSFSQQAMKGYHAMMVDIAVQLVQKWERLNADEHIEVPEDMTRLTLDTIGLCGFNYRFNSFYRDQPHPFITSMVRALDEAMNKLQRANPDDPAYDENKRQFQEDIKVMNDLVDKIIADRKASGEQSDDLLTHMLNGKDPETGEPLDDENIRYQIITFLIAGHETTSGLLSFALYFLVKNPHVLQKAAEEAARVLVDPVPSYKQVKQLKYVGMVLNEALRLWPTAPAFSLYAKEDTVLGGEYPLEKGDELMVLIPQLHRDKTIWGDDVEEFRPERFENPSAIPQHAFKPFGNGQRACIGQQFALHEATLVLGMMLKHFDFEDHTNYELDIKETLTLKPEGFVVKAKSKKIPLGGIPSPSTLEHHHHHH,C=Cc1ccccc1,['CCOC(=O)C=[N+]=[N-]']
Cofactor Binding Dynamics Influence the Catalytic Activity and Selectivity of an Artificial Metalloenzyme (1),id50,CC=1NC2=CC=CC=C2C1.CC(C(=O)C=1SC=CN1)=C,MGAEIPKEMLRAQTNVILLNVLKQGDNYVYGIIKQVKEASNGEMELNEATLYTIFDRLEQDGIISSYWGDESQGGRRKYYRLTEIGHENMRLAFESWSRVDKIIENLEANKKSEAIKSRGGSGGWSHPQFEK,CC=1NC2=CC=CC=C2C1,['CC(C(=O)C=1SC=CN1)=C']
An Enzymatic Platform for Aniline Synthesis Through Oxidative Amination (1),id51,Cc1ccc(CN)cc1.O=C1CCCCC1,METMLFSPYTIRGVTLKNRIVMSPMCMYSCDTEDGKVRNWHKIHYPTRAVGQVGLIILEATAVTAQGRISSRDLGIWSDEHVGGLRELVSLVKEHGAKIGIQLAHAGRKSEVDGEIIAPSSIPFSEKT RTPKEMTKADIEETIQAFQNGARRAKEAGFDIIEIHAAHGYLINEFLSPLSNKRQDEYGGSPEN RYRFLGEVIDAVKEVWDGPLFVRISASDYHPEGLTVKDYVPYAKRMKKQGVDLIDVSSGAVVPA NISVYPGYQVPFAETIRREAEIATGAVGLITSGWQAEEILRNGRADLVFLARELLRNPYWPYAA AKELGTTIPAPVQYERGWRFLEHHHHHH,Cc1ccc(CN)cc1,['O=C1CCCCC1']
Engineering an Oxygen-Binding Protein for Photocatalytic CO sub 2 sub Reductions in Water,id52,O=C=O,MVLSEGEWQLVLHVWAKVEADVAGHGQDILIRLFKSHPETLEKFDRFKHLKTEAEMKASEDLKKHGVTVLTALGAILKKKGHHEAELKPLAQSHATKHKIPIKYLEFISEAIIHVLHSRHPGDFGADAQGAMNKALELFRKDIAAKYKELGYQG,O=C=O,[]
(applyseq)Production of Biobased Ethylbenzene by Cascade Biocatalysis with an Engineered Photodecarboxylase,id53,OC(=O)CCc1ccccc1,MASAVEDIRKVLSDSSSPVAGQKYDYILVGGGTAACVLANRLSADGSKRVLVLEAGPDNTSRDVKIPAAITRLFRSPLDWNLFSELQEQLAERQIYMARGRLLGGSSATNATLYHRGAAGDYDAWGVEGWSSEDVLSWFVQAETNADFGPGAYHGSGGPMRVENPRYTNKQLHTAFFKAAEEVGLTPNSDFNDWSHDHAGYGTFQVMQDKGTRADMYRQYLKPVLGRRNLQVLTGAAVTKVNIDQAAGKAQALGVEFSTDGPTGERLSAELAPGGEVIMCAGAVHTPFLLKHSGVGPSAELKEFGIPVVSNLAGVGQNLQDQPACLTAAPVKEKYDGIAISDHIYNEKGQIRKRAIASYLLGGRGGLTSTGCDRGAFVRTAGQALPDLQVRFVPGMALDPDGVSTYVRFAKFQSQGLKWPSGITMQLIACRPQSTGSVGLKSADPFAPPKLSPGYLTDKDGADLATLRKGIHWARDVARSSALSEYLDGELFPGSGVVSDDQIDEYIRRSIHSSNAITGTCKMGNAGDSSSVVDNQLRVHGVEGLRVVDASVVPKIPGGQTGAPVVMIAERAAALLTGKATIGASAAAPATVAA,OC(=O)CCc1ccccc1,[]
Controlling Non-Native Cobalamin Reactivity and Catalysis in the Transcription Factor CarH,id54,COc1ccc(C=C)cc1.CCOC(=O)C=[N+]=[N-],MGSSHHHHHHSSGLVPRGSHMMHHHHHHGKIEEGKLVIWINGDKGYNGLAEVGKKFEKDTGIKVTVEHPDKLEEKFPQVAATGDGPDIIFWAHDRFGGYAQSGLLAEITPDKAFQDKLYPFTWDAVRYNGKLIAYPIAVEALSLIYNKDLLPNPPKTWEEIPALDKELKAKGKSALMFNLQEPYFTWPLIAADGGYAFKYENGKYDIKDVGVDNAGAKAGLTFLVDLIKNKHMNADTDYSIAEAAFNKGETAMTINGPWAWSNIDTSKVNYGVTVLPTFKGQPSKPFVGVLSAGINAASPNKELAKEFLENYLLTDEGLEAVNKDKPLGAVALKSYEEELAKDPRIAATMENAQKGEIMPNIPQMSAFWYAVRTAVINAASGRQTVDEALKDAQTNSSSNNNNTSGSMTSSGVYTIAEVEAMTGLSAEVLRQWERRYGFPKPRRTPGGHRLYSAEDVEALKTIKRWLEEGATPKAAIRRYLAQEVRPEDLGTGLLEALLRGDLAGAEALFRRGLRFWGPEGVLEHLLLPVLREVGEAWGRGEIGVAEEHLASTFLRARLQELLDLAGFPPGPPVLVTTPPGERHEIGAMLAAYHLRRKGVPALYLGPDTPLPDLRALARRLGAGTVVLSAVLSEPLRALPDGALKDLAPRVFLGGQGAGPEEARRLGAEYMEDLKGLAEALWLPRGPEKEAI,COc1ccc(C=C)cc1,['CCOC(=O)C=[N+]=[N-]']
Anti-Markovnikov alkene oxidation by metal-oxo-mediated enzyme catalysis,id55,C(=C)C1=CC=CC=C1,MERTANPADVPAGGKSSEGKAGTPPAAEAQCPFSKMAADFDAFAGPYQADPAEALRWSRDQLPVFYSPNLGYWVVSRYDDIKAVFRDNILFSPRNALEKITPATPEAMEVLKGYGYAMNRTMVNEDEPVHMERRRALMGHFLPDNLEARQEMVRRLTREKIDAFIDSGRVDLVEAMLYEVPLNVALHFLGVPEDDIAILKNFSVAHSVNTWGKPTDEQQVAIAHDVGQFWNYAGKIIEKMRKEPDGTGWMHETIRKNAEMPDIVPDSYVHSMMMAIIVAAHETTSLASAGMFKTLLTHRQAWQDICEDPSLIPNAVEECLRYSGSIVAWRRQATAATRIGGVDIPEGAKLLIVQASGNQDERHFEDGDKFDIYRDNAVDHLTFGYGSHQCMGKNIARMEMRIFLEEMTRRLPHLQLAEQEFTYLSNTSFRGPDHVWVEWDPEKNPERADPSLANGNHRFPVGAPARRDIARKIRIKTVRREADGILGLTIEDAKGRSLPRWSAGAHIEVCVDGFDRKYSLCGRADSRDYDIAVLLEEGGRGGSRRIHEVAAEGLELRLRGPSNLFRLDEQARSYVLIAGGIGITPILAMADHLKALGRDYTIHYCGRSRRSMAFLDRLQADHGERLSVHAGDENRHAELAGIVASLPEGGQIYACGPERMISELEDLTARLPHGTLHFEHFSAQETALDPSKENAFQVELKDSGLTLEVAANVTLLDALLASGIDISCDCREGLCGSCEVEVLEGEIDHRDVVLTRTERAENRRMMSCCSRSVKGGKLKLALLEHHHHHH,C(=C)C1=CC=CC=C1,[]
Selective Functionalization of Aliphatic Amines via Myoglobin-catalyzed Carbene N-H Insertion,id56,NCc1ccccc1.CCOC(=O)C=[N+]=[N-],VLSEGEWQLVLHVWAKVEADVAGHGQDILIRLFKSHPETLEKFDRFKHLKTEAEMKASEDLKKHGVTVLTALGAILKKKGHHEAELKPLAQSHATKHKIPIKYLEFISEAIIHVLHSRHPGDFGADAQGAMNKALELFRKDIAAKYKELGY,NCc1ccccc1,['CCOC(=O)C=[N+]=[N-]']
An Artificial Copper-Michaelase Featuring a Genetically Encoded Bipyridine Ligand for Asymmetric Additions to Nitroalkenes,id57,CC(=O)c1ccccn1.[O-][N+](=O)\C=C\c1ccccc1,GAEIPKEMLRAQTNBpyAILLNVLKQGDNYVYGIIKQVKEASNGEMELNEATLYTIFDRLEQDGIISSYWGDESQGGRRKYYRLTEIGHENMRLAFESWSRVDKIIENLEANKKSEAIKSRGGSGGWSHPQFEK,CC(=O)c1ccccn1,['[O-][N+](=O)\\C=C\\c1ccccc1']
Synergistic Catalysis of Tandem Michael Addition Enantioselective Protonation Reactions by an Artificial Enzyme,id58,COC1=CC=C(C(=O)C=2N(C=CN2)C)C=C1.CC(C=O)=C,GAEIPKEMLRAQTNXILLNVLKQGDNYVYGIIKQVKEASNGEMELNEATLYTIFDRLEQDGIISSYWGDESQGGRRKYYRLTEIGHENMRLAFESWSRVDKIIENLEANKKSEAIKSRGGSGGWSHPQFEK,COC1=CC=C(C(=O)C=2N(C=CN2)C)C=C1,['CC(C=O)=C']
Directed Evolution of an Iron II - and α-Ketoglutarate-Dependent Dioxygenase for Site-Selective Azidation of Unactivated Aliphatic C-H Bonds (1),id59,CC(C)C[C@H](NC(=O)CCC(O)=O)C(O)=O,MGSSHHHHHHSSGLVPRGSHMASMHHHHHHGKIEEGKLVIWINGDKGYNGLAEVGKKFEKDTGIKVTVEHPDKLEEKFPQVAATGDGPDIIFWAHDRFGGYAQSGLLAEITPDKAFQDKLYPFTWDAVRYNGKLIAYPIAVEALSLIYNKDLLPNPPKTWEEIPALDKELKAKGKSALMFNLQEPYFTWPLIAADGGYAFKYENGKYDIKDVGVDNAGAKAGLTFLVDLIKNKHMNADTDYSIAAAFNGKETAMTINGPWAWSNIDTSKVNYGVTVLPTFKGQPSKPFVGVLSAGINAASPNKELAKEFLENYLLTDEGLEAVNKDKPLGAVALKSYEEELAKDPRIAATMENAQKGEIMPNIPQMSAFWYAVRTAVINAASGRQTVDEALKDAQTNSSSNNNNTSENLYFQGAAGSMQHTYPAQLMRFGTAARAEHMTIAAAIHALDADEADAIVMDIVPDGERDAWWDDEGFSSSPFTKNAHHAGIVATSVTLGQLQREQGDKLVSKAAEYFGIACRVNDGLRTTRFVRLFSDALDAKPLTIGHDYEVEFLLATRRVYEPFEAPFNFAPHCDGVSYGRDTVNWPLKRSFPRQLGGFLTIQGADNDAGMVMWDNRPESRAALDEMHAEYRETGAIAALERAAKIMLKPQPGQLTLFQSKNLHAIERCTSTRRTMGLFLIHTEDGWRMFD,CC(C)C[C@H](NC(=O)CCC(O)=O)C(O)=O,[]
An artificial nickel chlorinase based on the biotin-streptavidin technology,id60,C1CCCCC1,MASMTGGQQMGRDQAGITGTWYNQLGSTFIVTAGADGALTGTYESAVGNAESRYVLTGRYDSAPATDGSGTALGWTVAWKNNYRNAHSATTWSGQYVGGAEARINTQWLLTSGTTEANAWYSTLVGHDTFTKVKPSAASIDAAKKAGVNNGNPLDAVQQ,C1CCCCC1,[]
(apply-seq)Engineered P450 Atom-Transfer Radical Cyclases are Bifunctional Biocatalysts Reaction Mechanism and Origin of Enantioselectivity,id61,CCC(Br)(N(CC=C)C(C)=O)c1ccccc1,MTIKEMPQPKTFGELKNLPLLNTDKPVQALMKIADELGEIFKFEAPGRVTRYLSSQRLIKEACDESRFDKNLSQALKFARDFAGDGLVTSWTHEKNWKKAHNILLPSFSQQAMKGYHAMMVDIAVQLVQKWERLNADEHIEVSEDMTRLTLDTIGLCGFNYRFNSFYRDQPHPFIISMVRALDEVMNKLQRANPDDPAYDENKRQFQEDIKVMNDLVDKIIADRKARGEQSDDLLTQMLNGKDPETGEPLDDGNIRYQIITFLIAGHEATSGLLSFALYFLVKNPHVLQKVAEEAARVLVDPVPSYKQVKQLKYVGMVLNEALRLWPTAPAFSLYAKEDTVLGGEYPLEKGDEVMVLIPQLHRDKTVWGDDVEEFRPERFENPSAIPQHAFKPFGNGQRASIGQQFALHEATLVLGMMLKHFDFEDHTNYELDIKETLTLKPKGFVVKAKSKKIPLGGIPSPSTHHHHHH,CCC(Br)(N(CC=C)C(C)=O)c1ccccc1,[]
Catalytic iron-carbene intermediate revealed in a cytochrome i c i carbene transferase (1),id62,CCOC(=O)C(C)=[N+]=[N-].C[SiH](C)c1ccccc1,MKYLLPTAAAGLLLLAAQPAMAHHHHHHQDPEALAAEIGPVKQVSLGEQIDAALAQQGEQLFNTYCTACHRLDERFIGPALRDVTKRRGPVYIMNTMLNPNGMIQRHPVMKQLVQEYGTMDTDEALSEEQARAILEYLRQVAENQ,CCOC(=O)C(C)=[N+]=[N-],['C[SiH](C)c1ccccc1']
Discovering Biomolecules with i Huisgenase i Activity Designed Repeat Proteins as Biocatalysts for 3 2 Cycloadditions (1),id63,COC(=O)CN=Cc1ccccc1.[O-][N+](=O)\C=C\c1ccccc1,GAMDPGNSAEAWYNLGNAYYAQGDYDEAIEYYQKALELDPNNAEAKQNLGNAKQKQG,COC(=O)CN=Cc1ccccc1,['[O-][N+](=O)\\C=C\\c1ccccc1']
Designing Michaelases exploration of novel protein scaffolds for iminium biocatalysis,id64,O=C/C=C/c1ccccc1.C[N+]([O-])=O,MDETLNNSDLVRGSIDTIILSVLLTGDNYGYQIIKEIYRKSQNRFELKEPTLYSSLRRLEKQKMIESYWGEETQGGRRKYYSITELGRELYRTNCAEWELARNLIDRLIRVEKDVEERLEHHHHHH,O=C/C=C/c1ccccc1,['C[N+]([O-])=O']
Myoglobin-Catalyzed Olefination of Aldehydes,id65,O=Cc1ccccc1.CCOC(=O)C=[N+]=[N-],VLSEGEWQLVLHVWAKVEADVAGHGQDILIRLFKSHPETLEKFDRFKHLKTEAEMKASEDLKKHGVTVLTALGAILKKKGHHEAELKPLAQSHATKHKIPIKYLEFISEAIIHVLHSRHPGDFGADAQGAMNKALELFRKDIAAKYKELGY,O=Cc1ccccc1,['CCOC(=O)C=[N+]=[N-]']
Stereoselective amino acid synthesis by synergistic photoredox-pyridoxal radical biocatalysis,id66,C(C1=CC=CC=C1)[B-](F)(F)F.[K+].N[C@H](C(=O)O)CO,MWFGEFGGQYVPETLVGPLKELEKAYKRFKDDEEFNRQLNYYLKTWAGRPTPLYYAKRLTEKIGGAKVYLKREDLVHGGAHKTNNAIGQALLAKLMGKTRLIAETGAGQHGVATAMAGALLGMKVDIYMGAEDVERQKMNVFRMKLLGANVIPVNSGSRTLKDAINEALRDWVATFEYTHYLIGSVVGPHPYPTIVRDFQSVIGREAKAQILEAEGQLPDVIVACVGGGSNAMGIFYPFVNDKKVKLVGVEAGGKGLESGKHSASLNAGQVGVSHGMLSYFLQDEEGQIKPSHSIAPGLDYPGVGPEHAYLKKIQRAEYVAVTDEEALKAFHELSRTEGIIPALESAHAVAYAMKLAKEMSRDEIIIVNLSGRGDKDLDIVLKASGNVLEHHHHHH,C(C1=CC=CC=C1)[B-](F)(F)F,"['[K+]', 'N[C@H](C(=O)O)CO']"
Electricity-driven enzymatic dynamic kinetic oxidation,id67,C1(=CC=C(C=C1)C(C=O)C)C1=CC=CC=C1,MGYTVGDYLLDRLHELGIEEIFGVPGLYNLQFLDQIISHKDMKWVGNANELNASYMADGYART KKAAAFLTTFGVGELSAVNGLAGSYAENLPVVEIVGSPTSKVQNEGKFVHHTLADGDFKHFMK MHEPVTAARTLLTAENATVEIDRVLSALLKERKPVYINLPVDVAAAKAEKPSLPLKKENSTSNTSD QEILNKIQESLKNAKKPIVITGHEIISFGLEKTVTQFISKTKLPITTLNFGKSSVDEALPSFLGIYNGT LSEPNLKEFVESADFILMLGVKLTDSSTGAFTHHLNENKMISLNIDEGKIFNERIQNFDFESLISSLL DLSEIEYKGKYIDKKQEDFVPSNALLSQDRLWQAVENLTQSNETIVAEQGTSFFGASSIFLKSKSHF IGQPLWGSIGYTFPAALGSQIADKESRHLLFIGDGSLQLTVQELGLAIREKINPICFIINNDGYTVER EIHGPNQSYNDIPMWNYSKLPESFGATEDRVVSKIVRTENEFVSVMKEAQADPNRMYWIELILAK EGAPKVLKKMGKLFAEQNKSLEHHHHHH,C1(=CC=C(C=C1)C(C=O)C)C1=CC=CC=C1,[]
Active learning-assisted directed evolution,id68,COc1ccc(C=C)cc1.CCOC(=O)C=[N+]=[N-],MAVPGYDFGKVPDAPISDADFESLKKTVMWGEEDEKYRKMACEALKGQVEDILDLWYGLQGSNQHLIYYFGDKSGRPIPQYLEAVRKRFGLWIIDTLCKPLDRQWLNYMYEIGLRHHRTKKGKTDGVDTVEHIPLRYMIAFIAPIGLTIKPILEKSGHPPEAVERMWAAWVKLVVLQVAIWSYPYAKTGEW,COc1ccc(C=C)cc1,['CCOC(=O)C=[N+]=[N-]']
A designed photoenzyme for enantioselective 2 2 cycloadditions (1),id69,C(CC=C)OC1=CC(NC2=CC=CC=C12)=O,MEIPVIEPLFTKVTEDIPGAAGPVFDKNGDFYIVAPYVEVNGKPAGEILRIDLKTGKKTVICKPEVNGYGGIPAGCQCDRDANQLFVADMRLGLLVVQTDGTFEEIAKKDSEGRRMQGCAYCAFDYEGNLWITAPAGEVAPADFTISLQEKFGSIYCFTTDGQMIQVDTAFQBPAGIAVRHMNDGRPYQLIVAEQPTKKLWSYDIKGPAKIENKKVWGHIPGTHKGGAAGMDFDEDNNLLVANWGSSHIEVFGPDGGQPKMRIRCPFEKPSALHFKPQTKTIFVTEHENNAVWKFEWQRNGKKQYCETLKFGIFGSLEHHHHHH,C(CC=C)OC1=CC(NC2=CC=CC=C12)=O,[]
Evolutionary Specialization of a Promiscuous Designer Enzyme,id70,CCC/C=C/C=O.C1=CC=C2C(=C1)C=CN2,MAEIPKEMLRAQTNXILLNVLKQGDNYVYGIIKQVKEASNGEMELNEATLYTIFKRLEKDGIISSYWGDESQGGRRKYYRLTEIGHENMRLAFESWSRVDKIIENLEANKKSEAIKSRWSHPQFEK,CCC/C=C/C=O,['C1=CC=C2C(=C1)C=CN2']
Stereoselective amino acid synthesis by photobiocatalytic oxidative coupling,id71,C1(=CC=CC=C1)C(C)[B-](F)(F)F.NCC(=O)O,MGSSHHHHHHSSGLVPRGSHMIDLRSDTVTKPTEEMRKAMAQAEVGDDVYGEDPTINELERLAAETFGKEAALFVPSGTMGNQVSIMAHTQRGDEVILEADSFIFWYTVGAMAVLSGVMPHPVPGKNGAMDPDDVRKAIRPRNIHFPRTSLIAIENTHNRSGGRVVPLENIKEICTIAKEHGINVHIDGARIFNASIASGVPVKEYAGYADSVMFCLSKGLCAPVGSVVVGDRDFIERARKARKMLGGGMRQAGVLAAAGIIALTKMVDRLKEDHENARFLALKLKEIGYSVNPEDVKTNMVILRTDNLKVNAHGFIEALRNSGVLANAVSDTEIRLVTHKDVSRNDIEEALNIFEKLFRKFS,C1(=CC=CC=C1)C(C)[B-](F)(F)F,['NCC(=O)O']
Stereoselective olefin cyclopropanation under aerobic conditions with an artificial enzyme incorporating an iron-chlorin e6 cofactor,id72,C(=C)C1=CC=CC=C1.[N+](=[N-])=CC(=O)OCC,VLSEGEWQLVLHVWAKVEADVAGHGQDILIRLFKSHPETLEKFDRFKHLKTEAEMKASEDLKKHGVTVLTALGAILKKKGHHEAELKPLAQSHATKHKIPIKYLEFISEAIIHVLHSRHPGDFGADAQGAMNKALELFRKDIAAKYKELGY,C(=C)C1=CC=CC=C1,['[N+](=[N-])=CC(=O)OCC']
Tandem Friedel-Crafts-Alkylation-Enantioselective-Protonation by Artificial Enzyme Iminium Catalysis,id73,CC=1NC2=CC=CC=C2C1.CC(C=O)=C,MAEIPKEMLRAQTNXILLNVLKQGDNYVYGIIKQVKEASNGEMELNEATLYTIFKRLEKDGIISSYWGDESQGGRRKYYRLTEIGHENMRLAFESWSRVDKIIENLEANKKSEAIKSRWSHPQFEK,CC=1NC2=CC=CC=C2C1,['CC(C=O)=C']
(removemetal)Metal Substitution Modulates the Reactivity and Extends the Reaction Scope of Myoglobin Carbene Transfer Catalysts,id74,C=Cc1ccccc1.CCOC(=O)C=[N+]=[N-],VLSEGEWQLVLHVWAKVEADVAGHGQDILIRLFKSHPETLEKFDRFKHLKTEAEMKASEDLKKVGVTALTALGAILKKKGHHEAELKPLAQSHATKHKIPIKYLEFISEAIIHVLHSRHPGDFGADAQGAMNKALELFRKDIAAKYKELGY,C=Cc1ccccc1,['CCOC(=O)C=[N+]=[N-]']
Chemoenzymatic Platform for Synthesis of Chiral Organofluorines Based on Type II Aldolases (1),id75,OCC=O.OC(=O)C(=O)CF,MENSFKAALKAGRPQIGLWLGLSSSYSAELLAGAGFDWLLIDGEHAPNNVQTVLTQLQAIAPYPSQPVVRPSWNDPVQIKQLLDVGTQTLLVPMVQNADEAREAVRATRYPPAGIRGVGSALARASRWNRIPDYLQKSQRSNVRAGADRNAGNEELTADSGRGRRRRRVYRPGGSERRYGLCRSAAPGSTGRHAGDRADPIGQSAGDPDRQATGKTLSGTGRAVCRRRRHHPARPRRSAGSTVWCAGHRREARRVL,OCC=O,['OC(=O)C(=O)CF']
Fast Knoevenagel Condensations Catalyzed by an Artificial Schiff-Base-Forming Enzyme,id76,CN(C1=CC=C(C=O)C=C1)C.C(#N)CC(=O)OCC,MPRYLKGWLEDVVQLSLRRPSVHASRQRPIISLNERILEFNKRNITAIIAYYTRKSPSGLDVERDPIEYAKYMERYAVGLSIKTEEKYFNGSYEMLRKIASSVSIPILMNDFIVKESQIDDAYNLGADTVLLIVNILTERELESLLEYARSYGMEPLILINDENDLDIALRIGARFIVIFSMNFETGEINKENQRKLISMIPSNVVKVAKLDISERNEIEELRKLGVNAFLISSSLMRNPEKIKELIEGSLEHHHHHH,CN(C1=CC=C(C=O)C=C1)C,['C(#N)CC(=O)OCC']
A designer enzyme for hydrazone and oxime formation featuring an unnatural catalytic aniline residue,id77,N(N)C1=CC=C(C2=NON=C21)[N+](=O)[O-].[N+](=O)([O-])C1=CC=C(C=O)C=C1,GAEIPKEMLRAQTNVILLNVLKQGDNYVYGIIKQVKEASNGEMELNEATLYTIFDRLEQDGIISSYWGDESQGGRRKYYRLTEIGHENMRLAFESWSRVDKIIENLEANKKSEAIKSRGGSGGWSHPQFEK,N(N)C1=CC=C(C2=NON=C21)[N+](=O)[O-],['[N+](=O)([O-])C1=CC=C(C=O)C=C1']
(Wald)Enantioselective Hydroxylation of Benzylic C sp sup 3 sup -H Bonds by an Artificial Iron Hydroxylase Based on the Biotin-Streptavidin Technology (1),id78,CCc1ccccc1,MASMTGGQQMGRDQAGITGTWYNQLGSTFIVTAGADGALTGTYESAVGNAESRYVLTGRYDSAPATDGSGTALGWTVAWKNNYRNAHSATTWSGQYVGGAEARINTQWLLTSGTTEANAWKSTLVGHDTFTKVKPSAASIDAAKKAGVNNGNPLDAVQQ,CCc1ccccc1,[]
(applyseq)Machine learning-assisted directed protein evolution with combinatorial libraries,id79,C[SiH](C)c1ccccc1.CCOC(=O)C(C)=[N+]=[N-],MAPTLSEQTRQLVRASVPALQKHSVAISATMKRLLFERYPETRSLFELPERQIHKLASALLAYARSIDNPSALQAAIRRMVLSHARAGVQAVHYPLLWECLRDAIKEVLGPDATETLLQAWKEAYDFLAHLLSTKEAQVYAVLAELEHHHHHH,C[SiH](C)c1ccccc1,['CCOC(=O)C(C)=[N+]=[N-]']
Directed Evolution of a Fluorinase for Improved Fluorination Efficiency with a Non-native Substrate,id80,Nc1ncnc2n(cnc12)[C@@H]3O[C@H](CCl)[C@@H](O)[C@H]3O.CSCC[C@H](N)C(O)=O.[F-],MAANSTRRPIIAFMSDLGTTDDSVAQCKGLMYSICPDVTVVDVCHSMTPWDVEEGARYIVDLPRFFPEGTVFATTTYPATGTTTRSVAVRIKQAAKGGARGQWAGSGAGFERAEGSYIYIAPNNGLLTTVLEEHGYLEAYEVTSPKVIPEQPEPTFYSREMVAIPSAHLAAGFPLSEVGRPLEDHEIVRFNRPAVEQDGEALVGVVSAIDHPFGNVWTNIHRTDLEKAGIGYGARLRLTLDGVLPFEAPLTPTFADAGEIGNIAIYLNSRGYLSIARNAASLAYPYHLKEGMSARVEAR,Nc1ncnc2n(cnc12)[C@@H]3O[C@H](CCl)[C@@H](O)[C@H]3O,"['CSCC[C@H](N)C(O)=O', '[F-]']"
Catalytic promiscuity enabled by photoredox catalysis in nicotinamide-dependent oxidoreductases,id81,C(C)(=O)OC1(C(C2=CC=CC=C2CC1)=O)C,MAEEVSNKQVILKNYVTGYPKESDMEIKNVTIKLKVPEGSNDVVVKNLYLSCDPYMRSRMRKIEGSYVESFAPGSPITGYGVAKVLESGDPKFQKGDLVWGMTGWEEYSIITPTQTLFKIHDKDVPLSYYTGILGMPGMTAYAGFHEVCSPKKGETVFVSAASGAVGQLVGQFAKMLGCYVVGSAGSKEKVDLLKSKFGFDEAFNYKEEQDLSAALKRYFPDGIDIYFENVGGKMLDAVLVNMKLYGRIAVCGMISQYNLEQTEGVHNLFCLITKRIRMEGFLVFDYYHLYPKYLEMVIPQIKAGKVVYVEDVAHGLESAPTALVGLFSGRNIGKQVVMVSRELEHHHHHH,C(C)(=O)OC1(C(C2=CC=CC=C2CC1)=O)C,[]
(apply-seq)Flavin-dependent halogenases catalyze enantioselective olefin halocyclization,id82,COc1ccc(cc1)C(=C)CCC(O)=O,MSGKIDKILIVGGGTAGWMAASYLGKALQGTADITLLQAPDIPTLGVGEATIPNLQTAFFDFLGIPEDEWMRECNASYKVAIKFINWRTAGEGTSEARELDGGPDHFYHSFGLLKYHEQIPLSHYWFDRSYRGKTVEPFDYACYKEPVILDANRSPRRLDGSKVTNYAWHFDAHLVADFLRRFATEKLGVRHVEDRVEHVQRDANGNIESVRTATGRVFDADLFVDCSGFRGLLINKAMEEPFLDMSDHLLNDSAVATQVPHDDDANGVEPFTSAIAMKSGWTWKIPMLGRFGTGYVYSSRFATEDEAVREFCEMWHLDPETQPLNRIRFRVGRNRRAWVGNCVSIGTSSCFVEPLESTGIYFVYAALYQLVKHFPDKSLNPVLTARFNREIETMFDDTRDFIQAHFYFSPRTDTPFWRANKELRLADGMQEKIDMYRAGMAINAPASDDAQLYYGNFEEEFRNFWNNSNYYCVLAGLGLVPDAPSPRLAHMPQATESVDEVFGAVKDRQRNLLETLPSLHEFLRQQHGR,COc1ccc(cc1)C(=C)CCC(O)=O,[]
Chemoenzymatic Total Synthesis of Deoxy- epi- and Podophyllotoxin and a Biocatalytic Kinetic Resolution of Dibenzylbutyrolactones,id83,COC1=CC(=CC(=C1OC)OC)C[C@@H]2[C@H](COC2=O)CC3=CC4=C(C=C3)OCO4,MGHSSTITCDSEYEELKAGYNQLELGEDSSARGSRRIRLLSSNRCSKPAPKGCVQRSRALKFTSGNDVKRQTIWFYHSPKRRDGCRAYYRFRKSGEIYQFNVARGEGFLNRILWETHGGRPHFKNDGVELWYGEALLVLRKHKLLTTFMRYQQPGKDGRSPALSLHKDKSILTIVNQNDVKVNLKLRMVNGFCRQQTTILCYLVTALWLGRMVVCIARYTVVTLVANQARLSTSSFSFPKDIIETPAELVDEEHPLLFNPFEITELLAYCFTKEGAKAVCDLKQYKAYTGA,COC1=CC(=CC(=C1OC)OC)C[C@@H]2[C@H](COC2=O)CC3=CC4=C(C=C3)OCO4,[]
(apply-seq)Unlocking the function promiscuity of old yellow enzyme to catalyze asymmetric Morita-Baylis-Hillman reaction,id84,C1(C=CCC1)=O.[N+](=O)([O-])C1=CC=C(C=O)C=C1,MNTMLFSPYTIRGLTLKNRIVMSPMCMYSCDTKDGAVRTWHKIHYPARAVGQVGLIIVEATGVTPQGRISERDLGIWSDDHIAGLRELVGLVKEHGAAIGIQLAHAGRKSQVPGEIIAPSAVPFDDSSPTPKEMTKADIEETVQAFQNGARRAKEAGFDVIEIHAAHGYLINEFLSPLSNRRQDEYGGSPENRYRFLGEVIDAVREVWDGPLFVRISASDYHPDGLTAKDYVPYAKRMKEQGVDLVDVSSGAIVPARMNVYPGYQVPFAELIRREADIPTGAVGLITSGWQAEEILQNGRADLVFLGRELLRNPYWPYAAARELGAKISAPVQYERGWRFSAWSHPQFEK,C1(C=CCC1)=O,['[N+](=O)([O-])C1=CC=C(C=O)C=C1']
(applyseq)Insights into an efficient light-driven hybrid P450 BM3 enzyme from crystallographic spectroscopic and biochemical studies,id85,O=C(O)CCCCCCCCCCCCCCCCOC1=CC=C(C=C1)[N+](=O)[O-],GAMTIKEMPQPKTFGELKNLPLLNTDKPVQALMKIADELGEIFKFEAPGRVTRYLSSQRLIKEACDESRFDKNLSQALKFVRDFAGDGLFTSWTHEKNWKKAHNILLPSFSQQAMKGYHAMMVDIAVQLVQKWERLNADEHIEVPEDMTRLTLDTIGLCGFNYRFNSFYRDQPHPFITSMVRALDEAMNKLQRANPDDPAYDENKRQFQEDIKVMNDLVDKIIADRKASGEQSDDLLTHMLNGKDPETGEPLDDENIRYQIITFLIAGHETTSGLLSFALYFLVKNPHVLQKAAEEAARVLVDPVPSYKQVKQLKYVGMVLNEALRLWPTAPAFSLYAKEDTVLGGEYPLEKGDELMVLIPQLHRDKTIWGDDVEEFRPERFENPSAIPQHAFKPFGNGQRACIGQQFALHEATLVLGMMLKHFDFEDHTNYELDIKETLTLKPEGFVVKAKSKKIPLGGIPSPSTEQSAKKV,O=C(O)CCCCCCCCCCCCCCCCOC1=CC=C(C=C1)[N+](=O)[O-],[]
A De Novo Metalloenzyme for Cerium Photoredox Catalysis (1),id86,C1(=CC=CC=C1)C(C(O)C1=CC=CC=C1)O,MASAWSHPQFEKSGSMGDILIVWAKDVDEMLKQVEILRRLGAKQIAVESSDWRILQEALKKGGDILIVNGGGMTITFRGDDLEALLKAAIEMIKQALKFGATITLSLDGNDLNINITGVPEQVRKELAKEAERLAKEFGITVTRTGGGDVDEMLKQVEILRRLGAKQIAVESDDWRILQEALKKG,C1(=CC=CC=C1)C(C(O)C1=CC=CC=C1)O,[]
(applyseq)Stereospecific radical coupling with a non-natural photodecarboxylase,id87,C1(=CC=CC=C1)/C=C/C=O.C1(=CC=CC=C1)C(C(=O)O)C,MTDLKASSLRALKLMDLSTLNGDYTDEKVIALCHQAKTPVGNTAAISIYPRSIPIARKTLKEQGTPEIRIATVTNFPHGNDDIDIALAETRAAIAYGADEVDVVFPYRALMAGNEQVGFDLVKACKEACAAANVLLKVIIESGELKDEALIRKASEISIKAGADFIKTSTGLVAVNATPESARIMMEVIRDMGVEKSVGFKVTGGARTAEDAQKYLAIADELFGADWADARHYRFGASGLLASLLKALGHGDGKSASSYLEHHHHHH,C1(=CC=CC=C1)/C=C/C=O,['C1(=CC=CC=C1)C(C(=O)O)C']
(applyseq)Photoenzymatic Enantioselective Intermolecular Radical Hydroamination,id88,C(#N)C1=CC=C(ON(C(OC)=O)C)C=C1.C1(=CC=CC=C1)C(=C)C,MSALFEPYTLKDVTLRNRIAIPPMCQYMAEDGMINDWHHVHLAGLARGGAGLLVVEATAVAPEGRITPGCAGIWSDAHAQAFVPVVQAIKAAGSVPGIQIAHAGRKASANRPWEGDDHIAADDTRGWETIAPSAIAFGAHLPKVPREMTLDDIARVKQDFVDAARRARDAGFEWIELHFAHGYLGQSFFSEHSNKRTDAYGGSFDNRSRFLLETLAAVREVWPENLPLTARFGVLEYDGRDEQTLEESIELARRFKAGGLDLLSVSVGFTIPDTNIPWGPAFMGPIAERVRREAKLPVTSAWGFGTPQLAEAALQANQLDLVSVGRAHLADPHWAYFAAKELGVEKASWTLPAPYAHWLERYR,C(#N)C1=CC=C(ON(C(OC)=O)C)C=C1,['C1(=CC=CC=C1)C(=C)C']
(applyseq)Reshaping the 2-Pyrone Synthase Active Site for Chemoselective Biosynthesis of Polyketides,id89,C(C=CC1=CC=CC=C1)(=O)SCCNC(CCNC([C@@H](C(COP(OP(OC[C@@H]1[C@H]([C@H]([C@@H](O1)N1C=NC=2C(N)=NC=NC12)O)OP(=O)(O)O)(=O)O)(=O)O)(C)C)O)=O)=O.C(CC(=O)O)(=O)SCCNC(CCNC([C@@H](C(COP(OP(OC[C@@H]1[C@H]([C@H]([C@@H](O1)N1C=NC=2C(N)=NC=NC12)O)OP(=O)(O)O)(=O)O)(=O)O)(C)C)O)=O)=O,MGSYSSDDVEVIREAGRAQGLATILAIGTATPPNCVAQADYADYYFRVTKSEHMVDLKEKFKRICEKTAIKKRYLALTEDRYMLYQQGCAAGGTVLRLAKDLAENNKGSRVLIVCSEITAILFHGPNENHLDSLVAQALFGDGAAALIVGSGPHLAVERPIFEIVSTDQTILPDTEKAMLHLREGGLTFQLHRDVPLMVAKNIENAAEKALSPLGITDWNSVFWMVHPGGRAILDOVERKLNLKEDKLRASRHVLSEYGNDISACVLFIIDEVRKRSMAEGKSTTGEGLDCGVLFGFGPGMTVETVVLRSVRLAAVANGN,C(C=CC1=CC=CC=C1)(=O)SCCNC(CCNC([C@@H](C(COP(OP(OC[C@@H]1[C@H]([C@H]([C@@H](O1)N1C=NC=2C(N)=NC=NC12)O)OP(=O)(O)O)(=O)O)(=O)O)(C)C)O)=O)=O,['C(CC(=O)O)(=O)SCCNC(CCNC([C@@H](C(COP(OP(OC[C@@H]1[C@H]([C@H]([C@@H](O1)N1C=NC=2C(N)=NC=NC12)O)OP(=O)(O)O)(=O)O)(=O)O)(C)C)O)=O)=O']
(each-seq)Engineered Enzymes Enable Selective N-Alkylation of Pyrazoles With Simple Haloalkanes,id90,Cc1cc[nH]n1,MESGFTSKDTYLSHFNPRDYLEKYYKFGSRHSAESQILKHLLKNLFKIFCLDGVKGDLLIDIGSGPTIYQLLSACESFKEIVVTDYSDQNLQEL EKWLKKEPEAFDWSPVVTYVCDLEGNRVKGPEKEEKLRQAVKQVLKCDVTQSQPLGAVPLPPADCVLSTLCLDAACPDLPTYCRALRNLGSLLK PGGFLVIMDALKSSYYMIGEQKFSSLPLGREAVEAAVKEAGYTIEWFEVISQSYSSTMANNEGLFSLVARKLSRPLLEHHHHHH,Cc1cc[nH]n1,[]
Library design and screening protocol for artificial metalloenzymes based on the biotin-streptavidin technology,id91,C1Cc2ccccc2C(=N1)c3ccccc3,MASMTGGQQMGRDQAGITGTWYNQLGSTFIVTAGADGALTGTYESAVGNAESRYVLTGRYDSAPATDGSGTALGWTVAWKNNYRNAHSATTWSGQYVGGAEARINTQWLLTSGTTEANAWASTLVGHDTFTKVKPSAASIDAAKKAGVNNGNPLDAVQQ,C1Cc2ccccc2C(=N1)c3ccccc3,[]
A Diverse Library of Chiral Cyclopropane Scaffolds via Chemoenzymatic Assembly and Diversification of Cyclopropyl Ketones (1),id92,C(=C)C1=CC=CC=C1.[N+](=[N-])=CC(CC1=CC=CC=C1)=O,VLSEGEWQLVLHVWAKVEADVAGHGQDILIRLFKSHPETLEKFDRFKHLKTEAEMKASEDLKKVGVTVLTALGAILKKKGHHEAELKPLAQSHATKHKIPIKYLEFISEAIIHVLHSRHPGDFGADAQGAMNKALELFRKDIAAKYKELGYQG,C(=C)C1=CC=CC=C1,['[N+](=[N-])=CC(CC1=CC=CC=C1)=O']
Unlocking Asymmetric Michael Additions in an Archetypical Class I Aldolase by Directed Evolution,id93,C1(=CC=CC=C1)/C=C/C=O.[N+](=O)([O-])C,MTDLKASSLRALKLMDLTTLNDDDTDEKVIALCHQAKTPVGNTAAICIYPRFIPIARKTLKEQGTPEIRIATVTNFPHGNDDIEIALAETRAAIAYGADEVDVVFPYRALMAGNEQVGFDLVKACKEACAAANVLLKVIIETGELKDEALIRKASEISIKAGADFIKTSTGKVAVNATPESARIMMEVIRDMGVEKTVGFKPAGGVRTAEDAQKYLAIADELFGADWADARHYRFGASSLLASLLKALGHGDGKSASSYLEHHHHHH,C1(=CC=CC=C1)/C=C/C=O,['[N+](=O)([O-])C']
